{
  "width": 1280,
  "height": 720,
  "fps": 30,
  "main": "./script/aez_bundle_main.js",
  "assets": {
    "number": {
      "type": "image",
      "width": 728,
      "height": 128,
      "path": "files/a0340c3947cfcd44e0b2.png",
      "hint": {
        "untainted": true
      },
      "virtualPath": "image/number.png"
    },
    "score": {
      "type": "image",
      "width": 192,
      "height": 192,
      "path": "files/d62e2baecca743ff7361.png",
      "hint": {
        "untainted": true
      },
      "virtualPath": "image/score.png"
    },
    "start": {
      "type": "image",
      "width": 800,
      "height": 500,
      "path": "files/fad71188a75b7f48f032.png",
      "hint": {
        "untainted": true
      },
      "virtualPath": "image/start.png"
    },
    "time": {
      "type": "image",
      "width": 76,
      "height": 76,
      "path": "files/834f6f7b833bbd30f0bc.png",
      "hint": {
        "untainted": true
      },
      "virtualPath": "image/time.png"
    },
    "config": {
      "type": "image",
      "width": 80,
      "height": 80,
      "path": "files/b681666f5fdad6ee2c15.png",
      "hint": {
        "untainted": true
      },
      "virtualPath": "image/config.png"
    },
    "volume": {
      "type": "image",
      "width": 128,
      "height": 64,
      "path": "files/c3535e86e9f2a5fb8e9b.png",
      "hint": {
        "untainted": true
      },
      "virtualPath": "image/volume.png"
    },
    "glyph": {
      "type": "text",
      "path": "files/7995cac7367908d2fa2e.json",
      "virtualPath": "text/glyph.json"
    },
    "number_red": {
      "type": "image",
      "width": 728,
      "height": 128,
      "path": "files/93fe4188e341477c390e.png",
      "hint": {
        "untainted": true
      },
      "virtualPath": "image/number_red.png"
    },
    "bgm": {
      "type": "audio",
      "path": "files/6e6ed82de3ca7cdfa409",
      "systemId": "music",
      "duration": 67198,
      "virtualPath": "audio/bgm"
    },
    "se_start": {
      "type": "audio",
      "path": "files/9a33ab5f9c9b2521552d",
      "systemId": "sound",
      "duration": 1701,
      "virtualPath": "audio/se_start"
    },
    "se_timeup": {
      "type": "audio",
      "path": "files/3cd7bec6fc575a6d73a7",
      "systemId": "sound",
      "duration": 1080,
      "virtualPath": "audio/se_timeup"
    },
    "title": {
      "type": "image",
      "width": 1280,
      "height": 720,
      "path": "files/6a2fc763d1ca590c49f9.png",
      "hint": {
        "untainted": true
      },
      "virtualPath": "image/title.png"
    },
    "se_clear": {
      "type": "audio",
      "path": "files/78c6b27323a8430eecc3",
      "systemId": "sound",
      "duration": 732,
      "virtualPath": "audio/se_clear"
    },
    "se_miss": {
      "type": "audio",
      "path": "files/7673b4c12204268afb43",
      "systemId": "sound",
      "duration": 360,
      "virtualPath": "audio/se_miss"
    },
    "se_move": {
      "type": "audio",
      "path": "files/105078447221bd04ffe3",
      "systemId": "sound",
      "duration": 105,
      "virtualPath": "audio/se_move"
    },
    "card": {
      "type": "image",
      "path": "files/d27aca5e6a884ac81d0a.png",
      "width": 330,
      "height": 165,
      "hint": {
        "untainted": true
      },
      "virtualPath": "image/card.png"
    },
    "mark": {
      "type": "image",
      "path": "files/18eb4c07ac1ddade28df.png",
      "width": 144,
      "height": 36,
      "hint": {
        "untainted": true
      },
      "virtualPath": "image/mark.png"
    },
    "mark2": {
      "type": "image",
      "path": "files/3947d4f40e9d7726e13e.png",
      "width": 360,
      "height": 90,
      "hint": {
        "untainted": true
      },
      "virtualPath": "image/mark2.png"
    },
    "number2": {
      "type": "image",
      "path": "files/36aeeec5c89bdcef4283.png",
      "width": 468,
      "height": 90,
      "hint": {
        "untainted": true
      },
      "virtualPath": "image/number2.png"
    },
    "mark3": {
      "type": "image",
      "path": "files/d32ce2c0742ac8d9fdc3.png",
      "width": 330,
      "height": 110,
      "hint": {
        "untainted": true
      },
      "virtualPath": "image/mark3.png"
    },
    "cursor": {
      "type": "image",
      "path": "files/26be325d1dc4875d958c.png",
      "width": 223,
      "height": 126,
      "hint": {
        "untainted": true
      },
      "virtualPath": "image/cursor.png"
    },
    "cursor2": {
      "type": "image",
      "path": "files/1af698a2b7c0ab6db438.png",
      "width": 185,
      "height": 110,
      "hint": {
        "untainted": true
      },
      "virtualPath": "image/cursor2.png"
    },
    "undo": {
      "type": "image",
      "path": "files/cb62b18df3179028f7c3.png",
      "width": 200,
      "height": 140,
      "hint": {
        "untainted": true
      },
      "virtualPath": "image/undo.png"
    },
    "a": {
      "type": "image",
      "path": "files/be2e16388ebe6b933d1f.png",
      "width": 110,
      "height": 110,
      "hint": {
        "untainted": true
      },
      "virtualPath": "image/a.png"
    },
    "aez_bundle_main": {
      "type": "script",
      "global": true,
      "path": "files/f086925699839f7a9594.js",
      "virtualPath": "script/aez_bundle_main.js"
    }
  },
  "moduleMainScripts": {
    "@akashic-extension/akashic-timeline": "node_modules/@akashic-extension/akashic-timeline/lib/index.js"
  },
  "environment": {
    "sandbox-runtime": "3",
    "niconico": {
      "supportedModes": [
        "ranking"
      ],
      "preferredSessionParameters": {
        "totalTimeLimit": 200
      }
    },
    "external": {
      "send": "0"
    },
    "akashic-runtime": {
      "version": "~3.0.15",
      "flavor": "-canvas"
    }
  },
  "globalScripts": [],
  "exportZipInfo": {
    "version": "1.2.9",
    "option": {
      "force": true,
      "strip": true,
      "minify": false,
      "bundle": true,
      "babel": true,
      "omitEmptyJs": true,
      "targetService": "nicolive"
    }
  }
}